Staff ID,Passwords,Full Name,Department,Designation,Email Address,Phone Number,Cabin Location,Specialization,Experience Years,Office Hours
STF101,staff@123,Dr. Rajesh Raman,CSE,Professor & HOD,rajesh.raman@college.edu,+91-9840112233,CS-Block Room 301,Deep Learning & AI,18,02:00 PM - 04:00 PM (Mon-Wed)
STF102,staff@123,Dr. Sunita Kulkarni,CSE,Associate Professor,sunita.kulkarni@college.edu,+91-9840112234,CS-Block Room 305,Distributed Cloud Systems,12,10:00 AM - 12:00 PM (Tue-Thu)
STF103,staff@123,Prof. Vikram Saxena,CSE,Assistant Professor,vikram.saxena@college.edu,+91-9840112235,CS-Block Room 208,Database Management Systems,7,03:00 PM - 05:00 PM (Mon-Fri)
STF104,staff@123,Er. Ananya Sen,CSE,Senior Lab Instructor,ananya.sen@college.edu,+91-9840112236,CS-Lab 404,AI & Robotics Lab,6,09:00 AM - 05:00 PM (Mon-Fri)
STF105,staff@123,Prof. Amitav Sen,IT,Professor & HOD,amitav.sen@college.edu,+91-9840223344,IT-Block Room 201,Cloud Infrastructure & DevOps,16,01:00 PM - 03:00 PM (Tue-Thu)
STF106,staff@123,Dr. Radhika Menon,IT,Associate Professor,radhika.menon@college.edu,+91-9840223345,IT-Block Room 204,Natural Language Processing,11,11:00 AM - 01:00 PM (Mon-Wed)
STF107,staff@123,Prof. Tarun Bansal,IT,Assistant Professor,tarun.bansal@college.edu,+91-9840223346,IT-Block Room 212,Full Stack Web & Mobile,5,02:00 PM - 04:00 PM (Wed-Fri)
STF108,staff@123,Dr. K. V. Narayana,MECH,Professor & HOD,kv.narayana@college.edu,+91-9840334455,ME-Block Room 101,Robotics & Thermal Dynamics,20,02:30 PM - 04:30 PM (Mon-Thu)
STF109,staff@123,Prof. Deepak Chawla,MECH,Assistant Professor,deepak.chawla@college.edu,+91-9840334456,ME-Block Room 108,CAD/CAM & Finite Element Analysis,8,10:00 AM - 12:00 PM (Tue-Fri)
STF110,staff@123,Er. Ramesh Iyer,MECH,Workshop Superintendent,ramesh.iyer@college.edu,+91-9840334457,Central Workshop Bay 2,Manufacturing & CNC,14,09:00 AM - 04:30 PM (Mon-Fri)
STF111,staff@123,Dr. Shalini Deshmukh,DE,Professor & HOD,shalini.deshmukh@college.edu,+91-9840445566,DE-Block Room 401,Design Thinking & Human Factors,15,02:00 PM - 04:00 PM (Mon-Wed)
STF112,staff@123,Prof. Nikhil Bansal,DE,Assistant Professor,nikhil.bansal@college.edu,+91-9840445567,DE-Block Room 405,Rapid Prototyping & 3D Modeling,6,11:30 AM - 01:30 PM (Tue-Thu)
STF113,staff@123,Dr. Hariprasad Varma,CIVIL,Professor & HOD,hariprasad.varma@college.edu,+91-9840556677,CV-Block Room 102,Structural Earthquake Dynamics,19,01:00 PM - 03:00 PM (Mon-Fri)
STF114,staff@123,Prof. Geetha Krishnan,CIVIL,Associate Professor,geetha.krishnan@college.edu,+91-9840556678,CV-Block Room 107,Geotechnical & GIS Engineering,13,10:00 AM - 12:00 PM (Wed-Fri)
STF115,staff@123,Dr. Venkatachalam P.,EEE,Professor & HOD,venkat.p@college.edu,+91-9840667788,EE-Block Room 201,Smart Grid & Renewable Energy,17,02:00 PM - 04:00 PM (Mon-Thu)
STF116,staff@123,Prof. Archana Nambiar,EEE,Assistant Professor,archana.nambiar@college.edu,+91-9840667789,EE-Block Room 206,Power Electronics & EV Drives,9,11:00 AM - 01:00 PM (Tue-Fri)
STF117,staff@123,Dr. Sudhir B. Joshi,ADMIN,Dean of Academics,dean.academics@college.edu,+91-9840778899,Admin Block Room 102,Curriculum & Academic Standards,22,03:00 PM - 05:00 PM (Daily)
STF118,staff@123,Prof. Anita Roy,ADMIN,Dean of Student Affairs,dean.students@college.edu,+91-9840778800,Admin Block Room 105,Student Grievance & Welfare,16,02:00 PM - 04:30 PM (Daily)
STF119,staff@123,Mr. C. K. Narayanan,ADMIN,Controller of Examinations,coe@college.edu,+91-9840778811,Exam Cell Room 10,Examinations & Transcripts,21,10:00 AM - 01:00 PM (Daily)
STF120,staff@123,Mrs. Sumathi Sundaram,ADMIN,Finance & Accounts Officer,finance@college.edu,+91-9840778822,Accounts Section Counter 1,Fee Clearance & Scholarships,15,09:30 AM - 04:00 PM (Mon-Fri)
