Student ID,Passwords,Full Name,Department,Email Address,CGPA,Phone Number
23331a42001,student@123,Aarav Sharma,CSE,aarav.sharma1@college.edu,8.74,+91-9874523101
23331a42002,student@123,Priya Patel,IT,priya.patel2@college.edu,9.12,+91-8745129630
23331a42003,student@123,Rohan Reddy,MECH,rohan.reddy3@college.edu,7.45,+91-7896541230
23331a42004,student@123,Sneha Nair,DE,sneha.nair4@college.edu,8.89,+91-9658741230
23331a42005,student@123,Vikram Gupta,CIVIL,vikram.gupta5@college.edu,6.82,+91-8521479630
23331a42006,student@123,Ananya Rao,EEE,ananya.rao6@college.edu,9.40,+91-7412589630
23331a42007,student@123,Amit Singh,CSE,amit.singh7@college.edu,7.91,+91-9123456780
23331a42008,student@123,Karthik Verma,IT,karthik.verma8@college.edu,8.15,+91-8965412307
23331a42009,student@123,Pooja Joshi,MECH,pooja.joshi9@college.edu,7.20,+91-7854123690
23331a42010,student@123,Rahul Mishra,CIVIL,rahul.mishra10@college.edu,8.05,+91-6301245789
23331a42011,student@123,Divya Kumar,EEE,divya.kumar11@college.edu,8.90,+91-9988776655
23331a42012,student@123,Suresh Das,DE,suresh.das12@college.edu,6.75,+91-9123487650
23331a42013,student@123,Meera Kulkarni,CSE,meera.kulkarni13@college.edu,9.60,+91-9456712340
23331a42014,student@123,Arjun Chatterjee,IT,arjun.chatterjee14@college.edu,7.80,+91-9876123450
23331a42015,student@123,Neha Verma,MECH,neha.verma15@college.edu,8.34,+91-9345678120
23331a42016,student@123,Manish Reddy,CIVIL,manish.reddy16@college.edu,6.95,+91-9845123456
23331a42017,student@123,Kavya Iyer,EEE,kavya.iyer17@college.edu,9.18,+91-9745123456
23331a42018,student@123,Ravi Singh,CSE,ravi.singh18@college.edu,8.42,+91-9645123456
23331a42019,student@123,Swati Gupta,DE,swati.gupta19@college.edu,7.65,+91-9545123456
23331a42020,student@123,Aditi Sharma,IT,aditi.sharma20@college.edu,9.05,+91-9445123456
